{
  "n_shared_ids": 131,
  "multilabel": {
    "matched": 131,
    "any_overlap_rate": 0.45038167938931295,
    "both_none_rate": 0.2824427480916031,
    "N_overlap_eval": 131,
    "per_class": [
      {
        "label": "race",
        "N": 131,
        "kappa": 0.6150832517140059,
        "kappa_CI": [
          0.4592170818505338,
          0.7582388610598471
        ],
        "AC1": 0.725955072969069,
        "AC1_CI": [
          0.598200592986402,
          0.8392802371945609
        ],
        "percent_agree": 0.8396946564885496,
        "prevalence_index": 0.4122137404580153,
        "bias_index": 0.05343511450381677
      },
      {
        "label": "gender",
        "N": 131,
        "kappa": 0.6047073023536511,
        "kappa_CI": [
          0.4364783481502724,
          0.7547472586253009
        ],
        "AC1": 0.7520113582584003,
        "AC1_CI": [
          0.6365784741844336,
          0.8565824286105281
        ],
        "percent_agree": 0.8473282442748091,
        "prevalence_index": 0.48091603053435117,
        "bias_index": 0.06106870229007633
      },
      {
        "label": "religion",
        "N": 131,
        "kappa": 0.690933602965959,
        "kappa_CI": [
          0.4306598182536546,
          0.8806921675774135
        ],
        "AC1": 0.935415712927422,
        "AC1_CI": [
          0.881671057583741,
          0.9750958461392224
        ],
        "percent_agree": 0.9465648854961832,
        "prevalence_index": 0.8091603053435115,
        "bias_index": 0.022900763358778622
      }
    ],
    "macro_kappa": 0.6369080523445386,
    "macro_AC1": 0.804460714718297
  },
  "single_label": {
    "matched": 131,
    "kappa": 0.5931677018633541,
    "kappa_CI": [
      0.48407534246575346,
      0.698974148543291
    ],
    "AC1_macroOvR": 0.7535444615903256,
    "AC1_macroOvR_CI": [
      0.6866066522747079,
      0.8196324043005423
    ],
    "percent_agree": 0.7099236641221374
  }
}